index,id,first_name,last_name,email,month,utm_source
0,10043,Louis,Koch,LouisKoch43@gmail.com,3 - March,yahoo
1,10150,Bruce,Webb,BruceWebb44@outlook.com,3 - March,twitter
2,10155,Nicholas,Hoffman,Nicholas.Hoffman@gmail.com,2 - February,google
3,10178,William,Key,William.Key@outlook.com,3 - March,yahoo
4,10208,Karen,Bass,KB4971@gmail.com,2 - February,google
5,10260,Benjamin,Ochoa,Benjamin.Ochoa@outlook.com,1 - January,twitter
6,10271,Gerald,Aguilar,Gerald.Aguilar@gmail.com,3 - March,google
7,10278,Melissa,Lambert,Melissa.Lambert@gmail.com,2 - February,email
8,10320,Adam,Strickland,Adam.Strickland@gmail.com,3 - March,email
9,10389,Ethan,Payne,EthanPayne26@outlook.com,2 - February,facebook
10,10432,Charles,Herrera,CH7703@gmail.com,3 - March,yahoo
11,10511,Scott,Hines,SHines1999@hotmail.com,3 - March,yahoo
12,10572,Samantha,Townsend,Samantha.Townsend@gmail.com,2 - February,google
13,10672,Joyce,Ford,JF8697@gmail.com,3 - March,email
14,10683,Richard,Stanley,RStanley1971@gmail.com,3 - March,email
15,10717,Louis,Prince,LPrince1992@gmail.com,3 - March,yahoo
16,10763,Jesse,Booker,JBooker1977@gmail.com,1 - January,yahoo
17,10788,Donald,Mcpherson,DMcpherson1995@gmail.com,2 - February,yahoo
18,10809,Olivia,Osborne,Olivia.Osborne@gmail.com,1 - January,facebook
19,10845,Daniel,Haney,DHaney1985@gmail.com,3 - March,yahoo
20,10847,Marie,Preston,Marie.Preston@hotmail.com,1 - January,google
21,10877,Gerald,Mclean,GMclean1991@outlook.com,1 - January,facebook
22,10888,Marie,Schultz,MarieSchultz62@gmail.com,3 - March,yahoo
23,10950,Paul,Wells,Paul.Wells@gmail.com,3 - March,google
24,10978,Dennis,Caldwell,DCaldwell1971@gmail.com,1 - January,facebook
25,10981,Jeffrey,Joyce,JJoyce1975@outlook.com,1 - January,twitter
26,10997,Helen,Peters,HPeters1992@outlook.com,1 - January,yahoo
27,11096,Zachary,Warren,ZW1219@gmail.com,2 - February,google
28,11097,Elizabeth,Diaz,EDiaz1992@gmail.com,1 - January,facebook
29,11111,Sarah,Walls,SarahWalls97@gmail.com,1 - January,twitter
30,11117,Brenda,Stephenson,BStephenson1975@yahoo.com,2 - February,google
31,11131,Donald,Jacobson,DonaldJacobson85@gmail.com,1 - January,yahoo
32,11150,Megan,Santana,Megan.Santana@gmail.com,3 - March,twitter
33,11183,Brandon,Hammond,Brandon.Hammond@gmail.com,1 - January,google
34,11192,Teresa,Middleton,TeresaMiddleton64@gmail.com,1 - January,yahoo
35,11278,Melissa,Chandler,MChandler1978@gmail.com,3 - March,twitter
36,11296,Pamela,Meadows,PM8438@outlook.com,3 - March,facebook
37,11301,David,Wilkerson,David.Wilkerson@gmail.com,3 - March,yahoo
38,11314,Gregory,Salas,Gregory.Salas@gmail.com,2 - February,twitter
39,11355,Paul,Tillman,PaulTillman40@gmail.com,1 - January,twitter
40,11389,Denise,Wiley,DWiley1975@gmail.com,2 - February,yahoo
41,11493,Logan,Phillips,LoganPhillips14@gmail.com,2 - February,email
42,11509,Logan,Morgan,LoganMorgan37@gmail.com,2 - February,email
43,11513,Samantha,Baxter,SBaxter1973@gmail.com,1 - January,yahoo
44,11518,Diana,Stark,Diana.Stark@outlook.com,3 - March,email
45,11536,Sandra,Byers,SandraByers59@gmail.com,2 - February,yahoo
46,11566,Ronald,Porter,Ronald.Porter@gmail.com,2 - February,yahoo
47,11592,Lawrence,Fischer,Lawrence.Fischer@gmail.com,2 - February,google
48,11668,Frances,Stuart,FrancesStuart23@gmail.com,3 - March,facebook
49,11690,Grace,Huff,GHuff1978@gmail.com,1 - January,facebook
50,11691,Stephanie,Murphy,SM1907@gmail.com,2 - February,email
51,11742,Jean,Clay,JeanClay71@gmail.com,2 - February,facebook
52,11758,Charles,Middleton,CMiddleton1972@gmail.com,1 - January,yahoo
53,11782,Linda,Castillo,LCastillo1976@gmail.com,1 - January,yahoo
54,11786,Adam,Daugherty,ADaugherty1974@gmail.com,1 - January,facebook
55,11821,Carolyn,Rivers,CarolynRivers66@gmail.com,3 - March,twitter
56,11871,Ralph,Byers,Ralph.Byers@outlook.com,1 - January,yahoo
57,11878,Julie,Jackson,JJackson1976@gmail.com,3 - March,google
58,11882,Richard,White,RichardWhite78@gmail.com,3 - March,email
59,11923,Hannah,King,HK3188@yahoo.com,1 - January,yahoo
60,11936,Daniel,Mcclure,DanielMcclure29@outlook.com,3 - March,email
61,11947,Carl,Phillips,CarlPhillips57@gmail.com,3 - March,google
62,11961,Kathleen,Pitts,Kathleen.Pitts@gmail.com,1 - January,twitter
63,11973,Grace,Steele,GSteele1980@gmail.com,2 - February,google
64,11973,Mary,Fulton,MaryFulton9@gmail.com,3 - March,twitter
65,11982,Albert,Castro,Albert.Castro@gmail.com,2 - February,yahoo
66,12042,Tyler,Hewitt,THewitt1988@gmail.com,3 - March,twitter
67,12063,Jordan,Moon,JordanMoon65@gmail.com,1 - January,twitter
68,12144,Ethan,Salazar,EthanSalazar8@gmail.com,2 - February,google
69,12210,Marie,Joyce,MJ4365@gmail.com,2 - February,facebook
70,12261,Beverly,Alvarado,BAlvarado1976@yahoo.com,2 - February,facebook
71,12266,Paul,Gay,PG4861@hotmail.com,1 - January,facebook
72,12271,Megan,Monroe,MM5077@gmail.com,1 - January,yahoo
73,12285,Andrea,Page,Andrea.Page@gmail.com,2 - February,yahoo
74,12355,Jeffrey,Dickerson,Jeffrey.Dickerson@outlook.com,3 - March,yahoo
75,12388,Vincent,Butler,VincentButler91@gmail.com,1 - January,twitter
76,12431,Philip,Juarez,PJ7610@gmail.com,2 - February,yahoo
77,12445,Johnny,Lambert,JL7144@gmail.com,1 - January,yahoo
78,12460,Rebecca,Downs,RDowns1989@gmail.com,2 - February,yahoo
79,12476,Jose,Serrano,JoseSerrano57@gmail.com,2 - February,twitter
80,12486,William,Acosta,William.Acosta@gmail.com,2 - February,google
81,12522,Benjamin,Le,BL4653@gmail.com,1 - January,facebook
82,12532,Vincent,O'neill,VO'neill1992@outlook.com,3 - March,google
83,12533,Austin,Berg,Austin.Berg@hotmail.com,1 - January,facebook
84,12572,Jerry,Heath,Jerry.Heath@gmail.com,1 - January,facebook
85,12599,Nancy,Silva,NSilva1980@gmail.com,1 - January,facebook
86,12599,Austin,Franklin,AustinFranklin58@gmail.com,1 - January,twitter
87,12626,George,Douglas,George.Douglas@yahoo.com,1 - January,facebook
88,12636,Alice,Cruz,AliceCruz75@gmail.com,2 - February,facebook
89,12636,Kimberly,Craig,KCraig1980@gmail.com,2 - February,google
90,12651,Terry,Duke,Terry.Duke@gmail.com,1 - January,yahoo
91,12701,Anthony,Levine,AnthonyLevine34@gmail.com,1 - January,yahoo
92,12729,Dylan,Benjamin,DBenjamin1975@gmail.com,2 - February,twitter
93,12747,Arthur,Potts,AP6756@gmail.com,2 - February,google
94,12822,Ethan,Harmon,EHarmon1976@gmail.com,1 - January,facebook
95,12873,Christopher,Hooper,CH8438@gmail.com,3 - March,email
96,12892,Marilyn,Burton,MB7886@gmail.com,1 - January,facebook
97,12993,Karen,Sharp,KarenSharp35@aol.com,2 - February,twitter
98,13023,Dorothy,Rush,DR9723@gmail.com,2 - February,yahoo
99,13033,Lauren,Carey,LCarey1986@gmail.com,3 - March,email
100,13096,Donna,Kelley,DonnaKelley38@gmail.com,2 - February,yahoo
101,13098,Jose,Fowler,JFowler1971@gmail.com,3 - March,google
102,13113,Ralph,Ochoa,ROchoa1973@gmail.com,2 - February,facebook
103,13135,Joseph,O'connor,JosephO'connor33@outlook.com,3 - March,yahoo
104,13158,Betty,Boone,BB4566@gmail.com,1 - January,facebook
105,13171,David,Gregory,DG6771@gmail.com,1 - January,google
106,13187,Logan,Stanton,LStanton1999@gmail.com,3 - March,facebook
107,13260,Donna,Craig,DonnaCraig72@gmail.com,2 - February,google
108,13264,Barbara,Sandoval,Barbara.Sandoval@gmail.com,3 - March,yahoo
109,13307,Anthony,Day,Anthony.Day@gmail.com,1 - January,yahoo
110,13439,Alice,Foster,Alice.Foster@gmail.com,3 - March,yahoo
111,13448,Steven,Bryan,SB1764@gmail.com,2 - February,facebook
112,13485,Douglas,Rosales,DRosales1982@gmail.com,3 - March,facebook
113,13508,Catherine,Small,CSmall1989@gmail.com,3 - March,facebook
114,13577,Raymond,Jensen,RJensen1987@gmail.com,3 - March,yahoo
115,13587,Hannah,Love,HLove1996@gmail.com,3 - March,email
116,13591,Kayla,Burris,Kayla.Burris@hotmail.com,1 - January,email
117,13624,Maria,Herman,MariaHerman21@gmail.com,2 - February,google
118,13654,Dylan,Lucas,Dylan.Lucas@gmail.com,3 - March,facebook
119,13659,Bruce,Price,Bruce.Price@gmail.com,1 - January,yahoo
120,13673,Sharon,Mcintyre,SMcintyre1995@gmail.com,2 - February,google
121,13719,Jane,Merritt,JM9331@gmail.com,1 - January,twitter
122,13745,Amber,Rice,AmberRice61@gmail.com,1 - January,facebook
123,13754,Sara,Adkins,SA4589@gmail.com,1 - January,facebook
124,13858,Olivia,Cash,OC9943@gmail.com,1 - January,facebook
125,13866,Ashley,Franks,Ashley.Franks@hotmail.com,3 - March,email
126,13874,Jacob,Everett,Jacob.Everett@gmail.com,2 - February,google
127,13881,Laura,Kim,LauraKim30@gmail.com,2 - February,google
128,13900,Julia,Davenport,JDavenport1981@gmail.com,3 - March,google
129,13927,Laura,Massey,Laura.Massey@gmail.com,1 - January,facebook
130,13938,Ashley,Logan,ALogan1979@gmail.com,2 - February,twitter
131,13975,Janet,Strong,JanetStrong39@outlook.com,2 - February,facebook
132,14004,Helen,Boyle,HelenBoyle28@gmail.com,2 - February,twitter
133,14019,Harry,Reid,HR5656@gmail.com,3 - March,google
134,14020,Betty,Harrington,BH9604@gmail.com,2 - February,google
135,14071,Martha,Beasley,Martha.Beasley@gmail.com,2 - February,yahoo
136,14085,George,Massey,George.Massey@gmail.com,2 - February,twitter
137,14085,Jerry,Rasmussen,JRasmussen1977@gmail.com,2 - February,yahoo
138,14127,Carol,Knowles,CarolKnowles95@gmail.com,1 - January,facebook
139,14208,Margaret,Velasquez,MV8828@hotmail.com,2 - February,facebook
140,14222,Gerald,Haley,GeraldHaley24@gmail.com,1 - January,yahoo
141,14239,Sara,Parks,SP6676@gmail.com,3 - March,email
142,14247,Diana,Mccarthy,DM7380@gmail.com,3 - March,email
143,14326,Aaron,Gates,AaronGates69@gmail.com,2 - February,yahoo
144,14335,Emily,Goodwin,EmilyGoodwin17@outlook.com,1 - January,facebook
145,14351,Beverly,Mathis,BM1614@gmail.com,3 - March,facebook
146,14353,Michael,Vaughn,MichaelVaughn58@gmail.com,1 - January,google
147,14393,Cynthia,Fischer,CynthiaFischer31@gmail.com,3 - March,twitter
148,14405,Kathleen,Delaney,KD9815@gmail.com,3 - March,facebook
149,14408,Lisa,Aguirre,Lisa.Aguirre@gmail.com,3 - March,google
150,14483,Sean,Morrow,Sean.Morrow@gmail.com,1 - January,google
151,14505,Dennis,Horn,DH6484@gmail.com,3 - March,email
152,14540,Juan,Hickman,JH3232@gmail.com,1 - January,yahoo
153,14555,Bryan,Parks,BryanParks91@gmail.com,1 - January,facebook
154,14637,Victoria,Pope,VPope1999@gmail.com,3 - March,twitter
155,14681,Ethan,Johnston,EthanJohnston4@gmail.com,3 - March,google
156,14692,Lawrence,Hogan,Lawrence.Hogan@gmail.com,3 - March,email
157,14700,Sara,Conrad,SConrad1984@gmail.com,1 - January,facebook
158,14716,Jennifer,Wallace,JW7371@gmail.com,3 - March,yahoo
159,14726,Alexander,Miranda,Alexander.Miranda@gmail.com,1 - January,facebook
160,14733,Elizabeth,Sullivan,Elizabeth.Sullivan@hotmail.com,1 - January,twitter
161,14744,Pamela,Hunter,Pamela.Hunter@gmail.com,2 - February,twitter
162,14746,Mary,Farrell,MF8038@gmail.com,2 - February,facebook
163,14764,Christina,Lewis,ChristinaLewis68@gmail.com,1 - January,twitter
164,14773,Sharon,Brooks,SBrooks1984@gmail.com,2 - February,twitter
165,14778,Grace,Herring,Grace.Herring@gmail.com,3 - March,facebook
166,14805,Debra,Carson,DCarson1987@gmail.com,3 - March,google
167,14858,Pamela,Cherry,PamelaCherry54@hotmail.com,1 - January,facebook
168,14877,Nicholas,Chen,NChen1981@gmail.com,2 - February,facebook
169,14888,Joe,Diaz,Joe.Diaz@gmail.com,1 - January,facebook
170,14896,Wayne,Frye,WayneFrye11@gmail.com,2 - February,google
171,14944,Jacqueline,Forbes,Jacqueline.Forbes@gmail.com,3 - March,google
172,14948,Aaron,English,AE2524@gmail.com,2 - February,yahoo
173,14967,Danielle,Berg,Danielle.Berg@gmail.com,3 - March,google
174,15015,Justin,Reed,JR8170@outlook.com,1 - January,facebook
175,15098,Carl,Sutton,CS9600@gmail.com,3 - March,email
176,15157,Philip,Bean,Philip.Bean@gmail.com,1 - January,email
177,15159,Amber,Francis,AmberFrancis97@gmail.com,2 - February,google
178,15171,Judy,Mcknight,JMcknight1983@gmail.com,1 - January,facebook
179,15187,Judith,George,Judith.George@outlook.com,3 - March,yahoo
180,15230,Randy,Dennis,RDennis1993@gmail.com,2 - February,facebook
181,15264,Kyle,Huber,KHuber1977@gmail.com,3 - March,facebook
182,15279,Ruth,Hebert,RH5664@gmail.com,2 - February,yahoo
183,15294,Brian,Freeman,BFreeman1971@gmail.com,1 - January,twitter
184,15325,Henry,Stevens,HStevens1985@gmail.com,3 - March,google
185,15342,Christian,Vance,ChristianVance77@outlook.com,2 - February,yahoo
186,15346,Jose,Walton,JW2901@gmail.com,2 - February,google
187,15366,David,Gould,DGould1980@gmail.com,3 - March,email
188,15400,Shirley,Ballard,Shirley.Ballard@gmail.com,3 - March,email
189,15419,Heather,Parks,HP5093@gmail.com,2 - February,yahoo
190,15477,Lauren,May,LaurenMay89@gmail.com,3 - March,yahoo
191,15488,James,Camacho,JC2337@outlook.com,3 - March,twitter
192,15493,Laura,Gibbs,Laura.Gibbs@gmail.com,1 - January,yahoo
193,15503,Nathan,Beach,Nathan.Beach@gmail.com,3 - March,facebook
194,15543,George,Shields,George.Shields@outlook.com,3 - March,email
195,15615,Amber,Weeks,AW1495@hotmail.com,3 - March,email
196,15642,Margaret,Lester,MLester1975@gmail.com,3 - March,yahoo
197,15663,Jacob,Sims,JS4128@gmail.com,1 - January,twitter
198,15697,Jacqueline,Riddle,JacquelineRiddle97@gmail.com,1 - January,facebook
199,15754,Sandra,Foreman,Sandra.Foreman@gmail.com,3 - March,yahoo
200,15783,Jonathan,Bennett,JB9729@gmail.com,3 - March,facebook
201,15786,Scott,Alford,SA1391@gmail.com,3 - March,twitter
202,15810,Christian,Osborne,CO9643@gmail.com,2 - February,facebook
203,15829,Edward,Swanson,Edward.Swanson@gmail.com,3 - March,google
204,15848,Bobby,Fowler,BF1768@gmail.com,3 - March,google
205,15898,Rachel,Mccall,Rachel.Mccall@gmail.com,1 - January,facebook
206,15971,Scott,Phelps,ScottPhelps13@gmail.com,3 - March,yahoo
207,15981,Emma,Yates,EmmaYates44@gmail.com,2 - February,facebook
208,15987,Amanda,Craft,ACraft1990@gmail.com,3 - March,yahoo
209,15996,Alexis,Sullivan,AS6093@gmail.com,2 - February,twitter
210,16035,Roy,Moran,RoyMoran18@gmail.com,1 - January,facebook
211,16053,Eugene,Kirk,EugeneKirk47@gmail.com,2 - February,facebook
212,16090,Kathryn,French,KathrynFrench21@gmail.com,3 - March,facebook
213,16131,Thomas,Cervantes,TCervantes1985@gmail.com,1 - January,yahoo
214,16177,Patricia,Blair,PatriciaBlair1@hotmail.com,3 - March,email
215,16283,Julia,Harrison,Julia.Harrison@gmail.com,2 - February,twitter
216,16301,Jonathan,Rutledge,JR1012@gmail.com,3 - March,email
217,16329,Betty,Conway,BettyConway4@gmail.com,1 - January,email
218,16340,Russell,Shepherd,Russell.Shepherd@gmail.com,1 - January,yahoo
219,16357,Lori,Owen,LOwen1993@gmail.com,1 - January,facebook
220,16405,Jeremy,Carroll,JeremyCarroll53@outlook.com,1 - January,facebook
221,16406,Frances,Grant,FrancesGrant53@gmail.com,2 - February,yahoo
222,16442,Terry,Sharpe,TerrySharpe77@gmail.com,3 - March,facebook
223,16494,Helen,Gill,HGill1973@gmail.com,3 - March,yahoo
224,16517,Marie,Andrews,Marie.Andrews@gmail.com,3 - March,twitter
225,16520,Sarah,Ayala,SarahAyala24@gmail.com,2 - February,google
226,16529,Frank,Mcdowell,FM7577@gmail.com,3 - March,email
227,16593,Raymond,Avery,RAvery1978@gmail.com,2 - February,facebook
228,16594,Adam,Ball,ABall1992@gmail.com,2 - February,twitter
229,16664,Eugene,Warren,EugeneWarren63@gmail.com,1 - January,yahoo
230,16708,Carolyn,Santiago,Carolyn.Santiago@gmail.com,3 - March,email
231,16737,Karen,Ramsey,KRamsey1990@outlook.com,2 - February,yahoo
232,16758,Ronald,Burns,Ronald.Burns@outlook.com,1 - January,twitter
233,16798,Susan,Dennis,SDennis1987@gmail.com,2 - February,yahoo
234,16882,Theresa,Cleveland,TC8691@gmail.com,3 - March,twitter
235,16884,Patricia,Slater,PS3978@outlook.com,3 - March,facebook
236,16892,Terry,Buckley,TB1845@gmail.com,1 - January,facebook
237,16901,Michael,Forbes,MForbes1974@gmail.com,2 - February,yahoo
238,16931,Judith,Hardin,JudithHardin14@hotmail.com,2 - February,yahoo
239,16955,Cheryl,Giles,CG8128@gmail.com,2 - February,yahoo
240,16995,Donald,Mason,DM9370@gmail.com,1 - January,email
241,17049,Rose,Gray,RG1071@gmail.com,1 - January,yahoo
242,17054,Joan,Le,JoanLe16@gmail.com,2 - February,email
243,17063,Michelle,Massey,MM1224@gmail.com,2 - February,email
244,17140,Arthur,Vaughan,Arthur.Vaughan@aol.com,1 - January,email
245,17143,Kyle,Hanson,Kyle.Hanson@gmail.com,1 - January,facebook
246,17153,Noah,Barrera,NoahBarrera59@gmail.com,2 - February,facebook
247,17188,Eric,Leonard,EricLeonard24@outlook.com,2 - February,twitter
248,17194,Nathan,Mcmahon,NathanMcmahon17@hotmail.com,2 - February,twitter
249,17206,Larry,Bradford,LBradford1988@outlook.com,3 - March,google
250,17248,Alan,Daniels,AD6762@gmail.com,1 - January,twitter
251,17323,Douglas,Mejia,DM7939@gmail.com,2 - February,email
252,17368,Olivia,Maynard,OM2923@gmail.com,2 - February,facebook
253,17378,Ashley,Daugherty,Ashley.Daugherty@gmail.com,2 - February,twitter
254,17403,Brandon,Hickman,Brandon.Hickman@gmail.com,2 - February,email
255,17415,Catherine,Peck,CP1832@gmail.com,1 - January,facebook
256,17450,Jacqueline,Solomon,JacquelineSolomon54@gmail.com,1 - January,facebook
257,17498,Rachel,Sanchez,RachelSanchez19@hotmail.com,2 - February,email
258,17500,Wayne,Doyle,WD4483@gmail.com,1 - January,yahoo
259,17515,Barbara,Chaney,BChaney1980@gmail.com,1 - January,yahoo
260,17524,Carolyn,Hendricks,Carolyn.Hendricks@outlook.com,2 - February,email
261,17547,Alice,Compton,Alice.Compton@gmail.com,3 - March,yahoo
262,17628,Carolyn,Hodge,Carolyn.Hodge@gmail.com,3 - March,email
263,17681,Karen,Flores,KFlores1982@gmail.com,1 - January,yahoo
264,17722,Alice,Contreras,AliceContreras57@gmail.com,3 - March,yahoo
265,17788,Sarah,Dennis,Sarah.Dennis@gmail.com,1 - January,twitter
266,17799,Tiffany,Osborne,TOsborne1984@gmail.com,3 - March,email
267,17806,Marie,Ware,MW9778@gmail.com,1 - January,yahoo
268,17835,Arthur,Sparks,AS1288@gmail.com,2 - February,facebook
269,17865,Lori,Trevino,Lori.Trevino@gmail.com,3 - March,email
270,17903,Diana,Mcmillan,DMcmillan1979@aol.com,3 - March,yahoo
271,17914,Andrea,York,AYork1981@gmail.com,3 - March,twitter
272,17958,Eric,Mckay,EricMckay9@gmail.com,3 - March,yahoo
273,17984,Sean,Perry,SeanPerry39@gmail.com,3 - March,yahoo
274,17998,Gerald,Knight,Gerald.Knight@gmail.com,1 - January,facebook
275,18025,Benjamin,Cabrera,Benjamin.Cabrera@gmail.com,3 - March,email
276,18035,Lauren,Nichols,LN7059@gmail.com,2 - February,facebook
277,18040,Emma,Solis,ESolis1985@hotmail.com,3 - March,yahoo
278,18058,Rebecca,Diaz,RebeccaDiaz15@gmail.com,3 - March,yahoo
279,18125,Kathryn,Hancock,Kathryn.Hancock@gmail.com,1 - January,facebook
280,18127,Raymond,Castillo,RCastillo1975@aol.com,1 - January,google
281,18158,Kimberly,Sargent,KSargent1987@gmail.com,2 - February,yahoo
282,18164,Virginia,Fields,VirginiaFields47@gmail.com,3 - March,twitter
283,18166,Zachary,Rivas,ZacharyRivas95@yahoo.com,1 - January,google
284,18255,Joe,Horton,JoeHorton25@gmail.com,3 - March,facebook
285,18271,Ralph,Rogers,Ralph.Rogers@gmail.com,3 - March,yahoo
286,18272,Betty,Oliver,Betty.Oliver@gmail.com,1 - January,yahoo
287,18293,Raymond,Walls,RWalls1980@hotmail.com,1 - January,facebook
288,18314,Jessica,Cleveland,JCleveland1972@yahoo.com,1 - January,facebook
289,18330,Jesse,Blanchard,JesseBlanchard99@gmail.com,2 - February,email
290,18334,Kathryn,Boone,KBoone1974@gmail.com,3 - March,google
291,18361,Abigail,Lindsey,Abigail.Lindsey@gmail.com,1 - January,google
292,18442,Christine,Sampson,ChristineSampson71@gmail.com,2 - February,google
293,18446,Lauren,Webster,LaurenWebster41@gmail.com,3 - March,yahoo
294,18447,Gregory,Rivers,GR7174@gmail.com,1 - January,google
295,18473,Noah,Jensen,Noah.Jensen@yahoo.com,1 - January,yahoo
296,18549,Sara,Mccray,Sara.Mccray@hotmail.com,1 - January,facebook
297,18552,Keith,Maddox,KMaddox1994@gmail.com,3 - March,email
298,18600,Laura,Foreman,LF2874@gmail.com,1 - January,google
299,18684,Kimberly,Bauer,KB8884@gmail.com,2 - February,twitter
300,18686,Edward,Rowland,EdwardRowland24@gmail.com,2 - February,google
301,18733,Benjamin,Travis,Benjamin.Travis@gmail.com,2 - February,google
302,18762,Laura,Terry,LT1743@gmail.com,3 - March,email
303,18773,Sharon,Padilla,SP7739@gmail.com,2 - February,facebook
304,18801,Anthony,Russo,AR8154@gmail.com,3 - March,yahoo
305,18807,Logan,Bryan,LB4570@gmail.com,1 - January,yahoo
306,18819,Olivia,Mcmillan,OM5246@gmail.com,1 - January,yahoo
307,18835,Angela,Floyd,AF6557@gmail.com,2 - February,yahoo
308,18865,Carl,Roach,CarlRoach57@outlook.com,3 - March,google
309,18878,Walter,Garrison,Walter.Garrison@outlook.com,2 - February,facebook
310,18911,Brandon,Brady,Brandon.Brady@hotmail.com,1 - January,yahoo
311,18953,Ashley,Haley,AshleyHaley66@gmail.com,3 - March,email
312,18972,Jane,Travis,Jane.Travis@outlook.com,1 - January,facebook
313,19009,Jordan,Morin,JMorin1992@gmail.com,1 - January,twitter
314,19011,Christopher,Talley,Christopher.Talley@gmail.com,3 - March,email
315,19042,Mary,Fowler,MFowler1997@gmail.com,2 - February,facebook
316,19092,Nicholas,Mcfadden,NicholasMcfadden11@gmail.com,2 - February,google
317,19179,Betty,Powell,Betty.Powell@hotmail.com,1 - January,facebook
318,19187,Dennis,Perry,DennisPerry70@gmail.com,3 - March,google
319,19258,Andrea,Bean,Andrea.Bean@gmail.com,1 - January,facebook
320,19271,Logan,Kelly,LKelly1987@gmail.com,3 - March,google
321,19298,Deborah,King,DeborahKing33@gmail.com,1 - January,facebook
322,19323,Stephanie,Farrell,SF4972@gmail.com,2 - February,twitter
323,19332,Anthony,Dale,AnthonyDale37@yahoo.com,2 - February,email
324,19372,Tiffany,Kramer,Tiffany.Kramer@gmail.com,1 - January,twitter
325,19403,Brittany,Parks,Brittany.Parks@gmail.com,1 - January,facebook
326,19405,Doris,Bender,DorisBender12@gmail.com,3 - March,email
327,19413,Jonathan,Bernard,JB3360@gmail.com,1 - January,google
328,19421,Denise,Castillo,DeniseCastillo98@gmail.com,1 - January,yahoo
329,19426,Victoria,Glover,VG4250@gmail.com,3 - March,twitter
330,19464,Nancy,Alford,NancyAlford96@gmail.com,2 - February,yahoo
331,19488,Pamela,Douglas,Pamela.Douglas@gmail.com,1 - January,facebook
332,19501,Alexis,Stevens,Alexis.Stevens@gmail.com,1 - January,yahoo
333,19535,Andrew,Rivers,ARivers1998@outlook.com,2 - February,yahoo
334,19727,Eric,Miles,Eric.Miles@hotmail.com,1 - January,yahoo
335,19737,Lawrence,Bishop,LBishop1992@gmail.com,1 - January,twitter
336,19743,Ethan,Brock,EthanBrock97@gmail.com,3 - March,yahoo
337,19850,Grace,Boyle,GBoyle1982@gmail.com,1 - January,facebook
338,19862,Alexander,Alexander,AAlexander1991@gmail.com,3 - March,google
339,19870,Kayla,Bush,Kayla.Bush@gmail.com,1 - January,facebook
340,19895,Amy,Mays,Amy.Mays@gmail.com,2 - February,google
341,20008,Sean,Burks,SB3693@gmail.com,1 - January,yahoo
342,20027,Nicole,Mcdaniel,NMcdaniel1979@gmail.com,3 - March,google
343,20033,Angela,Lambert,AngelaLambert47@gmail.com,1 - January,facebook
344,20056,Megan,Harrell,Megan.Harrell@gmail.com,3 - March,google
345,20065,Amber,Fleming,Amber.Fleming@hotmail.com,2 - February,yahoo
346,20124,Sharon,Anthony,SAnthony1977@gmail.com,1 - January,yahoo
347,20172,Gregory,Mitchell,Gregory.Mitchell@gmail.com,3 - March,twitter
348,20240,Adam,Todd,AdamTodd59@gmail.com,3 - March,yahoo
349,20276,David,Johnston,David.Johnston@gmail.com,1 - January,facebook
350,20299,Catherine,Stout,CS1932@gmail.com,2 - February,facebook
351,20327,Emily,Yang,EmilyYang42@gmail.com,1 - January,twitter
352,20412,Emma,Simpson,ESimpson1996@gmail.com,1 - January,google
353,20412,Wayne,Cantrell,WCantrell1995@gmail.com,2 - February,google
354,20514,Peter,Navarro,Peter.Navarro@yahoo.com,2 - February,google
355,20518,Dennis,Bowen,DB7308@gmail.com,3 - March,facebook
356,20538,Diane,Jensen,DianeJensen16@gmail.com,3 - March,email
357,20572,Jason,Graves,JGraves1996@gmail.com,2 - February,email
358,20605,Edward,Waters,EW4563@gmail.com,1 - January,facebook
359,20632,Lawrence,Dunn,LawrenceDunn68@gmail.com,1 - January,yahoo
360,20645,Jennifer,Rojas,JRojas1983@gmail.com,1 - January,yahoo
361,20682,Alice,Barron,AB9450@yahoo.com,3 - March,facebook
362,20716,Dylan,Mclaughlin,Dylan.Mclaughlin@gmail.com,3 - March,yahoo
363,20740,Frank,English,Frank.English@gmail.com,3 - March,facebook
364,20771,Jacqueline,Bruce,Jacqueline.Bruce@gmail.com,2 - February,yahoo
365,20790,Justin,Hinton,JustinHinton68@gmail.com,2 - February,google
366,20802,Kathleen,Benjamin,KBenjamin1978@outlook.com,2 - February,google
367,20850,Cynthia,Wilkins,CW8938@gmail.com,2 - February,facebook
368,20865,Tiffany,Rogers,TR2264@gmail.com,1 - January,facebook
369,20870,Rachel,Greer,RGreer1975@gmail.com,2 - February,google
370,20870,Marilyn,Cox,MC8102@gmail.com,2 - February,yahoo
371,20893,Lori,Beach,LBeach1989@gmail.com,2 - February,twitter
372,20903,Tyler,Gallagher,Tyler.Gallagher@gmail.com,3 - March,email
373,20919,Juan,Hanson,JuanHanson57@outlook.com,2 - February,google
374,20947,Jacqueline,Leach,JLeach1991@gmail.com,2 - February,twitter
375,20956,Steven,Spencer,StevenSpencer10@gmail.com,1 - January,yahoo
376,20981,Linda,Crosby,Linda.Crosby@hotmail.com,3 - March,email
377,21055,Richard,Long,RL7132@gmail.com,1 - January,google
378,21061,Larry,Joyner,LJ6982@gmail.com,2 - February,email
379,21097,Gloria,Cline,GloriaCline78@outlook.com,1 - January,facebook
380,21141,Daniel,Kirkland,DK2422@gmail.com,2 - February,yahoo
381,21164,Roy,Heath,RH4694@aol.com,1 - January,facebook
382,21172,Joshua,Riggs,Joshua.Riggs@gmail.com,3 - March,yahoo
383,21177,Elizabeth,Knowles,EKnowles1990@gmail.com,3 - March,email
384,21245,Joe,Travis,JoeTravis33@outlook.com,2 - February,email
385,21254,Brian,Camacho,Brian.Camacho@outlook.com,3 - March,twitter
386,21281,George,Sheppard,GS2040@gmail.com,1 - January,facebook
387,21310,Donna,Bennett,Donna.Bennett@gmail.com,2 - February,facebook
388,21376,Cheryl,Haley,CHaley1977@gmail.com,3 - March,facebook
389,21381,Kimberly,Sykes,KimberlySykes53@gmail.com,2 - February,yahoo
390,21425,Judy,Burgess,JBurgess1977@hotmail.com,3 - March,yahoo
391,21459,Sandra,Davenport,SDavenport1975@gmail.com,3 - March,facebook
392,21485,Ethan,French,Ethan.French@outlook.com,2 - February,google
393,21536,Katherine,Rice,Katherine.Rice@gmail.com,3 - March,yahoo
394,21574,Marilyn,Campos,Marilyn.Campos@gmail.com,3 - March,twitter
395,21589,Michelle,Warren,MichelleWarren51@gmail.com,3 - March,email
396,21601,Larry,Justice,Larry.Justice@gmail.com,3 - March,yahoo
397,21606,Alan,Nolan,AlanNolan45@hotmail.com,1 - January,twitter
398,21622,Sharon,Ferrell,SF6276@gmail.com,2 - February,facebook
399,21629,Denise,Finley,DF3436@gmail.com,3 - March,email
400,21632,Sara,Rush,SaraRush94@gmail.com,3 - March,facebook
401,21648,Dorothy,Carpenter,DorothyCarpenter21@gmail.com,1 - January,facebook
402,21665,Jeremy,Johnson,JJohnson1982@gmail.com,1 - January,facebook
403,21706,John,Bauer,JohnBauer63@gmail.com,3 - March,email
404,21727,Emma,Zimmerman,EZ8090@gmail.com,1 - January,yahoo
405,21754,Evelyn,Lambert,Evelyn.Lambert@gmail.com,1 - January,twitter
406,21783,Michael,Grant,MG5193@gmail.com,1 - January,twitter
407,21790,Jason,Long,JLong1972@gmail.com,2 - February,facebook
408,21846,William,Stein,WStein1985@gmail.com,2 - February,yahoo
409,21861,Andrew,Shepherd,AShepherd1971@gmail.com,3 - March,facebook
410,21913,Gary,Warren,Gary.Warren@gmail.com,2 - February,twitter
411,21925,Marie,Velez,MVelez1986@gmail.com,2 - February,facebook
412,21965,Matthew,Langley,ML3619@gmail.com,2 - February,google
413,21970,Marilyn,Mason,MM8190@gmail.com,1 - January,facebook
414,22004,Kimberly,Watson,KW8156@hotmail.com,3 - March,email
415,22026,Linda,Martinez,LM7690@gmail.com,2 - February,facebook
416,22050,Jeremy,Thornton,JeremyThornton30@gmail.com,1 - January,yahoo
417,22055,Olivia,Frost,OliviaFrost59@gmail.com,1 - January,facebook
418,22084,Samuel,Gay,SGay1990@gmail.com,1 - January,yahoo
419,22138,Teresa,Skinner,TSkinner1995@gmail.com,2 - February,facebook
420,22159,Logan,Armstrong,Logan.Armstrong@gmail.com,1 - January,facebook
421,22238,Theresa,Reilly,TR3547@gmail.com,1 - January,yahoo
422,22264,Douglas,Rosario,DouglasRosario14@hotmail.com,3 - March,email
423,22314,Scott,Donaldson,SDonaldson1988@gmail.com,2 - February,twitter
424,22343,Austin,Solis,AustinSolis11@gmail.com,1 - January,twitter
425,22345,Timothy,Perkins,TimothyPerkins10@gmail.com,2 - February,email
426,22398,Patrick,Ayers,Patrick.Ayers@gmail.com,2 - February,yahoo
427,22410,Alice,Buck,Alice.Buck@hotmail.com,2 - February,yahoo
428,22580,Margaret,Woodward,Margaret.Woodward@gmail.com,3 - March,email
429,22603,Maria,Rowe,MRowe1970@yahoo.com,2 - February,google
430,22666,Rose,Cooley,RCooley1986@hotmail.com,2 - February,twitter
431,22696,Robert,Farley,RF9463@gmail.com,3 - March,google
432,22727,Jacob,Valenzuela,JacobValenzuela84@gmail.com,2 - February,facebook
433,22735,Madison,Klein,MKlein1984@hotmail.com,1 - January,facebook
434,22769,Amber,Mcgowan,Amber.Mcgowan@gmail.com,2 - February,facebook
435,22785,Margaret,Humphrey,Margaret.Humphrey@gmail.com,1 - January,yahoo
436,22797,Gloria,Mcintyre,Gloria.Mcintyre@gmail.com,1 - January,google
437,22823,Christopher,Lara,Christopher.Lara@gmail.com,2 - February,yahoo
438,22856,Kimberly,Norman,KimberlyNorman96@gmail.com,3 - March,google
439,22876,Tiffany,Floyd,TFloyd1998@gmail.com,2 - February,facebook
440,22953,Dylan,Valenzuela,DV3992@gmail.com,1 - January,google
441,22977,Madison,Cox,MC9774@gmail.com,3 - March,email
442,22991,Betty,Rosario,BettyRosario48@gmail.com,2 - February,facebook
443,23027,Jonathan,Sellers,JSellers1992@gmail.com,1 - January,google
444,23071,Daniel,White,DW1877@gmail.com,3 - March,email
445,23099,Stephen,Erickson,Stephen.Erickson@gmail.com,2 - February,email
446,23103,Linda,Jensen,LJensen1993@gmail.com,3 - March,facebook
447,23178,Emma,Warner,Emma.Warner@gmail.com,2 - February,google
448,23230,Margaret,Skinner,MS5590@outlook.com,1 - January,twitter
449,23243,Russell,Tyler,RussellTyler24@gmail.com,1 - January,facebook
450,23248,Thomas,Snow,TSnow1983@hotmail.com,3 - March,yahoo
451,23341,Roy,Ball,Roy.Ball@gmail.com,2 - February,email
452,23342,Emily,Foreman,EForeman1974@gmail.com,1 - January,yahoo
453,23360,Nicole,Johns,NJ9174@gmail.com,1 - January,twitter
454,23409,Justin,Jarvis,JJ1461@gmail.com,2 - February,email
455,23428,Amanda,Melendez,AMelendez1979@hotmail.com,3 - March,google
456,23428,Russell,Cooke,RC9514@hotmail.com,2 - February,google
457,23437,Tiffany,Beach,TBeach1982@gmail.com,2 - February,yahoo
458,23470,Randy,Wiggins,Randy.Wiggins@gmail.com,3 - March,facebook
459,23474,Michelle,Pace,MP6914@gmail.com,1 - January,facebook
460,23514,Juan,Sawyer,JuanSawyer88@gmail.com,1 - January,email
461,23522,Bruce,Knight,BK7276@outlook.com,2 - February,yahoo
462,23563,Charles,Fowler,Charles.Fowler@gmail.com,2 - February,yahoo
463,23566,Theresa,Cain,Theresa.Cain@gmail.com,3 - March,google
464,23590,Christopher,Compton,ChristopherCompton1@gmail.com,3 - March,yahoo
465,23671,David,Kennedy,DK2029@gmail.com,3 - March,email
466,23672,Jesse,Mcfarland,JM7082@gmail.com,1 - January,facebook
467,23737,Logan,Duncan,LoganDuncan15@gmail.com,3 - March,email
468,23750,Margaret,Cruz,Margaret.Cruz@gmail.com,3 - March,email
469,23790,Thomas,Davidson,ThomasDavidson91@gmail.com,2 - February,yahoo
470,23791,Emily,Quinn,EQuinn1997@gmail.com,1 - January,facebook
471,23796,Zachary,Greer,ZG9248@gmail.com,2 - February,google
472,23830,Brandon,William,BrandonWilliam31@gmail.com,3 - March,yahoo
473,23854,Jeremy,Waters,Jeremy.Waters@gmail.com,2 - February,yahoo
474,23901,Arthur,Leblanc,ArthurLeblanc54@gmail.com,1 - January,facebook
475,23932,James,Mckinney,JM3780@gmail.com,3 - March,google
476,23945,Nicholas,French,NFrench1993@outlook.com,1 - January,facebook
477,23965,Lawrence,Mckinney,Lawrence.Mckinney@gmail.com,1 - January,yahoo
478,24029,Lauren,Goff,LGoff1975@gmail.com,3 - March,twitter
479,24045,Bryan,Stephens,BS5236@gmail.com,1 - January,facebook
480,24064,Martha,Hull,MH6052@gmail.com,3 - March,yahoo
481,24105,Joe,Singleton,JS9971@gmail.com,1 - January,facebook
482,24182,Sandra,Dawson,Sandra.Dawson@gmail.com,3 - March,email
483,24244,William,Maynard,WilliamMaynard26@gmail.com,2 - February,yahoo
484,24266,Tiffany,Barrera,TiffanyBarrera55@gmail.com,1 - January,yahoo
485,24276,Rachel,Matthews,RachelMatthews65@gmail.com,2 - February,facebook
486,24278,Joan,Richard,JRichard1976@outlook.com,1 - January,facebook
487,24306,Billy,Castillo,BCastillo1999@gmail.com,2 - February,email
488,24332,Daniel,Rhodes,Daniel.Rhodes@gmail.com,1 - January,twitter
489,24401,Sandra,Beck,SB3121@gmail.com,1 - January,facebook
490,24408,Julia,Hopkins,JuliaHopkins97@hotmail.com,1 - January,facebook
491,24466,Victoria,Noble,Victoria.Noble@gmail.com,3 - March,google
492,24544,Nicole,House,NicoleHouse83@gmail.com,3 - March,facebook
493,24574,Noah,Guerrero,NG5436@gmail.com,3 - March,email
494,24619,Keith,Gill,KGill1998@hotmail.com,3 - March,google
495,24632,Jose,Munoz,Jose.Munoz@gmail.com,1 - January,facebook
496,24637,Natalie,Lowe,NatalieLowe66@gmail.com,2 - February,yahoo
497,24651,Raymond,Lynch,RL9514@outlook.com,3 - March,email
498,24673,Sharon,Burris,Sharon.Burris@hotmail.com,1 - January,facebook
499,24708,Henry,Rich,HRich1985@hotmail.com,3 - March,yahoo
500,24777,Nathan,Schultz,NS7031@gmail.com,1 - January,twitter
501,24792,Steven,Manning,SManning1970@hotmail.com,2 - February,email
502,24805,Jane,Booker,Jane.Booker@gmail.com,3 - March,google
503,24810,Juan,Mcmahon,Juan.Mcmahon@gmail.com,1 - January,facebook
504,24820,Kelly,Olsen,KO6302@gmail.com,2 - February,google
505,24894,Steven,Mcneil,Steven.Mcneil@gmail.com,1 - January,google
506,24938,Kayla,Wood,KW3683@gmail.com,1 - January,facebook
507,24945,Natalie,Rollins,Natalie.Rollins@outlook.com,1 - January,facebook
508,25004,Juan,Oliver,JO3522@gmail.com,2 - February,facebook
509,25021,Aaron,Pickett,AaronPickett8@outlook.com,3 - March,yahoo
510,25048,Sharon,Robertson,SRobertson1981@hotmail.com,2 - February,google
511,25136,Jack,Hurst,JH5856@gmail.com,3 - March,email
512,25145,Brittany,Wells,BWells1997@gmail.com,2 - February,twitter
513,25199,Denise,Craig,DeniseCraig50@gmail.com,3 - March,yahoo
514,25229,Bobby,Swanson,BSwanson1995@gmail.com,2 - February,facebook
515,25287,Jeffrey,Lowe,Jeffrey.Lowe@gmail.com,1 - January,facebook
516,25429,Peter,Sargent,Peter.Sargent@gmail.com,3 - March,yahoo
517,25447,Mary,Mclaughlin,MaryMclaughlin94@gmail.com,1 - January,google
518,25580,Evelyn,Spence,ESpence1976@gmail.com,1 - January,facebook
519,25583,Jeremy,Contreras,Jeremy.Contreras@gmail.com,1 - January,facebook
520,25594,Jose,Ramos,Jose.Ramos@outlook.com,1 - January,facebook
521,25596,Carl,Nichols,CN9848@gmail.com,2 - February,google
522,25601,Kathryn,Holcomb,Kathryn.Holcomb@gmail.com,2 - February,yahoo
523,25710,Marie,Dorsey,MD9509@gmail.com,3 - March,email
524,25714,Kathryn,Barrett,KathrynBarrett92@gmail.com,3 - March,facebook
525,25782,Raymond,Christensen,RaymondChristensen23@gmail.com,2 - February,email
526,25782,Jordan,Sanders,JordanSanders45@gmail.com,2 - February,facebook
527,25861,Bobby,Schmidt,Bobby.Schmidt@gmail.com,3 - March,google
528,25889,Olivia,Galloway,OG8917@gmail.com,1 - January,facebook
529,25944,Patrick,Mccarty,Patrick.Mccarty@gmail.com,2 - February,google
530,25952,Gary,Farmer,GF9429@gmail.com,1 - January,yahoo
531,25956,Abigail,Barnett,Abigail.Barnett@gmail.com,3 - March,google
532,26017,Judith,Webster,Judith.Webster@gmail.com,3 - March,email
533,26043,Jerry,Frost,JF2631@gmail.com,1 - January,google
534,26059,Christina,Rivas,CRivas1977@outlook.com,1 - January,yahoo
535,26070,Jesse,Wallace,Jesse.Wallace@gmail.com,2 - February,google
536,26112,Aaron,Blevins,AaronBlevins14@gmail.com,3 - March,yahoo
537,26184,Barbara,Robertson,BarbaraRobertson80@outlook.com,1 - January,facebook
538,26265,Sandra,Alston,Sandra.Alston@gmail.com,3 - March,google
539,26271,Jason,Barr,JB2028@gmail.com,3 - March,google
540,26323,Nicole,Boyle,NicoleBoyle30@gmail.com,1 - January,facebook
541,26351,Barbara,Smith,BarbaraSmith59@gmail.com,3 - March,yahoo
542,26371,Shirley,Perry,ShirleyPerry20@gmail.com,1 - January,google
543,26385,Patricia,Cleveland,PatriciaCleveland64@gmail.com,3 - March,yahoo
544,26389,Billy,Clarke,BC5413@gmail.com,1 - January,facebook
545,26393,Vincent,Whitehead,VW2658@outlook.com,3 - March,yahoo
546,26396,Jessica,Shelton,JessicaShelton64@gmail.com,3 - March,yahoo
547,26416,Theresa,Rosales,Theresa.Rosales@gmail.com,2 - February,facebook
548,26418,Jane,Morrow,JaneMorrow75@gmail.com,1 - January,yahoo
549,26437,Ashley,Wong,Ashley.Wong@outlook.com,1 - January,facebook
550,26458,Evelyn,Craft,ECraft1973@gmail.com,3 - March,email
551,26472,Anthony,Hopper,Anthony.Hopper@gmail.com,1 - January,facebook
552,26476,Evelyn,Wiggins,EW2990@gmail.com,3 - March,twitter
553,26481,Richard,Baird,Richard.Baird@outlook.com,1 - January,facebook
554,26507,Cheryl,Dotson,CherylDotson14@gmail.com,2 - February,yahoo
555,26543,Julia,Vasquez,JVasquez1978@gmail.com,1 - January,yahoo
556,26558,Keith,Garner,Keith.Garner@gmail.com,2 - February,yahoo
557,26561,Emily,Trevino,ET2267@gmail.com,3 - March,facebook
558,26563,Ruth,Avery,Ruth.Avery@gmail.com,2 - February,facebook
559,26595,Amy,Hays,AH6504@gmail.com,1 - January,facebook
560,26663,Sandra,Morse,Sandra.Morse@gmail.com,1 - January,facebook
561,26749,Edward,Gilliam,EG1099@gmail.com,1 - January,twitter
562,26752,Sandra,Mcconnell,SM4687@gmail.com,2 - February,google
563,26763,Timothy,Kirby,TimothyKirby95@gmail.com,2 - February,email
564,26897,Julie,Frost,Julie.Frost@gmail.com,3 - March,google
565,26926,Brandon,Hood,BrandonHood53@gmail.com,2 - February,facebook
566,26964,Justin,Barton,JBarton1989@gmail.com,2 - February,facebook
567,26965,Terry,Bruce,TB5197@gmail.com,1 - January,twitter
568,26991,Olivia,Sutton,Olivia.Sutton@gmail.com,1 - January,yahoo
569,27010,Bryan,Howard,BryanHoward43@gmail.com,3 - March,facebook
570,27016,Willie,Logan,Willie.Logan@gmail.com,1 - January,facebook
571,27104,Bruce,Hudson,BruceHudson20@gmail.com,1 - January,facebook
572,27109,Bryan,Hurst,BH7767@gmail.com,1 - January,email
573,27109,Larry,Burch,LBurch1975@gmail.com,2 - February,twitter
574,27147,Sean,Mays,SeanMays25@gmail.com,3 - March,facebook
575,27212,Hannah,Nichols,HannahNichols25@gmail.com,2 - February,facebook
576,27212,Patricia,Jensen,PJensen1999@gmail.com,3 - March,yahoo
577,27244,Samantha,Kim,SKim1971@outlook.com,1 - January,twitter
578,27315,Joan,Chaney,JC5182@hotmail.com,1 - January,yahoo
579,27331,Lauren,York,LaurenYork32@gmail.com,3 - March,google
580,27333,Eugene,Frazier,Eugene.Frazier@gmail.com,1 - January,yahoo
581,27354,Ashley,Noble,ANoble1999@gmail.com,1 - January,yahoo
582,27366,Martha,Hartman,MH6877@gmail.com,3 - March,yahoo
583,27369,Abigail,Kaufman,AbigailKaufman84@outlook.com,1 - January,twitter
584,27390,Kevin,Williamson,KW1550@gmail.com,1 - January,yahoo
585,27525,Kayla,Shields,KS9311@outlook.com,1 - January,facebook
586,27533,Shirley,Hopkins,SHopkins1984@gmail.com,3 - March,email
587,27545,Edward,Frye,EF4081@gmail.com,2 - February,twitter
588,27637,Donald,May,DMay1977@gmail.com,1 - January,yahoo
589,27714,Angela,Lindsey,AL4936@hotmail.com,1 - January,facebook
590,27725,Carolyn,Hutchinson,CarolynHutchinson39@gmail.com,2 - February,facebook
591,27770,Eugene,Pitts,EP2732@gmail.com,3 - March,facebook
592,27775,Bryan,Hicks,BryanHicks71@gmail.com,1 - January,yahoo
593,27775,Andrea,Patrick,AP7517@outlook.com,3 - March,facebook
594,27831,Peter,Delgado,PD3855@gmail.com,2 - February,facebook
595,27832,Charles,Barr,CB3768@gmail.com,3 - March,twitter
596,27842,Justin,Joseph,JustinJoseph21@gmail.com,3 - March,google
597,27951,Jean,Sharp,JeanSharp16@gmail.com,3 - March,email
598,28033,Jacob,Gilliam,Jacob.Gilliam@gmail.com,2 - February,yahoo
599,28049,Louis,Pickett,LPickett1991@hotmail.com,2 - February,email
600,28053,Sandra,Briggs,SandraBriggs43@gmail.com,3 - March,yahoo
601,28068,Shirley,Espinoza,ShirleyEspinoza50@gmail.com,1 - January,facebook
602,28118,Jane,Valenzuela,JValenzuela1980@gmail.com,3 - March,google
603,28122,Barbara,Bullock,BBullock1970@hotmail.com,2 - February,yahoo
604,28136,Lori,Hansen,LHansen1997@gmail.com,1 - January,facebook
605,28152,Helen,Weiss,HW8815@gmail.com,1 - January,twitter
606,28163,Jose,Petersen,JP4180@gmail.com,3 - March,google
607,28183,Alexis,Berg,AlexisBerg90@gmail.com,1 - January,yahoo
608,28230,Joshua,Rowe,Joshua.Rowe@hotmail.com,1 - January,yahoo
609,28269,Maria,Pennington,MariaPennington1@gmail.com,2 - February,twitter
610,28282,Brittany,William,Brittany.William@gmail.com,2 - February,yahoo
611,28315,Jacqueline,Garner,Jacqueline.Garner@outlook.com,2 - February,facebook
612,28331,Teresa,Christensen,Teresa.Christensen@gmail.com,2 - February,email
613,28367,Anna,Mckay,AM4187@outlook.com,1 - January,yahoo
614,28369,Rose,Madden,RMadden1998@gmail.com,1 - January,google
615,28374,Alice,Witt,Alice.Witt@gmail.com,2 - February,yahoo
616,28393,Michelle,Lawrence,Michelle.Lawrence@gmail.com,1 - January,facebook
617,28403,Pamela,Giles,Pamela.Giles@gmail.com,1 - January,email
618,28407,Kevin,Vazquez,KevinVazquez26@gmail.com,2 - February,yahoo
619,28413,Robert,Frederick,Robert.Frederick@gmail.com,3 - March,google
620,28426,Ryan,Marquez,RMarquez1977@hotmail.com,2 - February,yahoo
621,28458,Austin,Tillman,AustinTillman99@hotmail.com,1 - January,yahoo
622,28467,Larry,Velazquez,Larry.Velazquez@gmail.com,1 - January,facebook
623,28483,Carol,Wilder,CWilder1982@gmail.com,2 - February,email
624,28522,Jane,Mccray,Jane.Mccray@gmail.com,1 - January,email
625,28546,Barbara,Goff,BarbaraGoff52@gmail.com,1 - January,yahoo
626,28659,Jonathan,Roberts,JonathanRoberts48@gmail.com,2 - February,facebook
627,28675,Gregory,Gilbert,GGilbert1989@gmail.com,2 - February,twitter
628,28688,Evelyn,Knowles,EKnowles1983@hotmail.com,1 - January,twitter
629,28757,Cheryl,Silva,CSilva1993@gmail.com,1 - January,yahoo
630,28768,Bruce,Holden,BHolden1995@gmail.com,1 - January,yahoo
631,28776,Matthew,Page,MPage1986@gmail.com,1 - January,facebook
632,28777,Harry,Olson,HOlson1990@gmail.com,2 - February,facebook